Workbook

Sheet MASTER
C3: MASTER
C5: Project ID | E5: :
C6: Site Name PO | E6: :
C7: Site Name Tenant | E7: : | F7: =F6 -> 0
C8: Site ID | E8: :
C9: START | E9: : | G9: Tanggal :
C10: DONE STR | E10: : | G10: Tanggal :
C11: Tenant | E11: :
C12: Type Tower/Heigh | E12: :
C13: Alamat | E13: :
C14: Koordinat | E14: : | F14: Long :
F15: Lat :
C16: Pekerjaan | E16: :
C17: Area | E17: :
C18: Mitra | E18: :
C19: ATP Date | E19: :
C21: =F18 -> 0
C22: Executive General Manager
C23: Manager Construction
C26: GM Area Office Jabodetabeb & Jabar
C27: Manager Const Depl TG & OM Area Office Jabodetabeb Inner
C28: Project Management
C29: Waspang Area

Sheet CHECKLIS 
H1: rev. 03
A3: CHECKLIS BINDER MK PERKUATAN
A4: Project ID | C4: : | D4: =MASTER!F5 -> 0
A5: Site Name | C5: : | D5: =MASTER!F6 -> 0
A6: Site ID | C6: : | D6: =MASTER!F8 -> 0
A7: ATP Date | C7: : | D7: 4 Oktorber 2024
A9: NO | D9: DESCRIPTION | E9: Doc. Type | F9: CHECK | H9: REMARK
F10: Complete | G10: Not Required
A11: 1 | D11: PLANED DOCUMENT
B12: 1 | D12: Offering / penunjukan Mitra dari procurement | E12: Copy
B13: 2 | D13: Purchase Order | E13: Copy
B14: 3 | D14: Foto sortir material | E14: Copy
B15: =B14+1 -> 4 | D15: TEAM & TOOLS | E15: Copy
B16: 5 | D16: FOTO Material On Site | E16: Copy
B17: =B16+1 -> 6 | D17: Acceprence Test Dokumen + Closing Pending | E17: Copy
B18: 7 | D18: Report MK | E18: Copy
A19: 2 | B19: 8 | D19: SS Oneflux | E19: Copy
A37: Submitted by : | F37: Checked by :
A38: ATRYA REKAYASA | F38: MITRATEL RO JABODETABEK
A39: Tanggal: | F39: Tanggal:

Sheet DOC CHECKLIST
B2: NO | C2: ITEM | D2: CHECKLIST
B3: 1 | C3: COVER DOCUMENT | D3: ✔
B4: 2 | C4: BA KESIAPAN TIM dan TOOLS | D4: ✔
B5: 3 | C5: BA AGING/ DELIVERY TIME IMPLEMENTASI PERKUATAN DAN PENGENCANGAN BAUT | D5: ✔
B6: 4 | C6: BA KUALITAS PEKERJAAN PERKUATAN DAN PENGENCANGAN BAUT | D6: ✔
B7: 5 | C7: BA ISU & KENDALA PEKERJAAN PERKUATAN | D7: ✔
B8: 6 | C8: DOKUMENTASI KUNJUNGAN | D8: ✔
B9: 7 | C9: DOKUMENTASI PENDING ITEM | D9: ✔

Sheet Cover
A5: PENGAWASAN LAPANGAN (MK) PERKUATAN
A37: SITE ID | E37: : | F37: =MASTER!F8 -> 0
A38: SITE NAME | E38: : | F38: =MASTER!F6 -> 0
A39: PROJECT ID | E39: : | F39: =MASTER!F5 -> 0
A40: IMPLEMENTASI DATE | E40: : | F40: 4 OKTOBER 2024

Sheet REPORT 1
B3: BERITA ACARA PENGAWASAN LAPANGAN
B4: KESIAPAN TIM dan TOOLS
B5: Site Name | D5: : | E5: =MASTER!F6 -> 0
B6: PID | D6: : | E6: =MASTER!F5 -> 0 | H6: Tanggal | I6: : 4 Oktober 2024
B7: Type/ Tinggi Tower | D7: : | E7: =MASTER!F12 -> 0
B8: Proyek | D8: : | E8: MK Perkuatan
B9: Mitra Pengawas | D9: : | E9: =MASTER!F18 -> 0
B11: No | C11: JENIS KEGIATAN | F11: Jumlah/ Unit | G11: KRITERIA PEMERIKSAAN | H11: HASIL PEMERIKSAAN (OK/No OK) | I11: KETERANGAN
B12: 1 | C12: Jumlah Tim Lapangan | F12: 4 | G12: Lengkap/sesuai standart | H12: OK
B13: 2 | C13: Genset | F13: 1 | G13: Lengkap/sesuai standart | H13: OK
B14: 3 | C14: Alat Pelindung Diri Helm | F14: 4 | G14: Lengkap/sesuai standart | H14: OK
B15: 4 | C15: Alat Pelindung Diri Full Body Harness | F15: 2 | G15: Lengkap/sesuai standart | H15: OK
B16: 5 | C16: Alat Pelindung Diri Safety Shoes | F16: 4 | G16: Lengkap/sesuai standart | H16: OK
B17: 6 | C17: Bor Magnet | F17: 1 | G17: Lengkap/sesuai standart | H17: OK
B18: 7 | C18: Kunci Torsi Digital (500 Nm) | F18: 1 | G18: Lengkap/sesuai standart | H18: OK | I18: Kunci torsi 200 Nm
B19: 8 | C19: Kunci Torsi Analog (1000 Nm) | F19: 1 | G19: Lengkap/sesuai standart | H19: OK
B20: 9 | C20: Kepala Baut | F20: 2 | G20: Lengkap/sesuai standart | H20: OK
B21: 10 | C21: Kunci Ring Pas | F21: 4 | G21: Lengkap/sesuai standart | H21: OK
B22: 11 | C22: Tambang | F22: 2 | G22: Lengkap/sesuai standart | H22: OK
B23: 12 | C23: Gerinda | F23: 1 | G23: Lengkap/sesuai standart | H23: OK
C26: PT. Dayamitra Telekomunikasi Tbk | G26: PT. TRITECH CONSULT
C28: Nama
C30: Tanggal
C32: Tanda Tangan

Sheet FOTO PENDUKUNG TEAM & TOOLS
D2: TEAM & TOOLS
A4: SITE ID | C4: : | D4: =MASTER!F5 -> 0
A5: SITE NAME | C5: : | D5: =MASTER!F6 -> 0
A6: TENANT | C6: : | D6: =MASTER!F11
A9: TEAM WITH APD | G9: TEAM WITH APD
O23: \
A26: K3 | G26: K3
A43: TOOLS | G43: TOOLS
A60: TOOLS | G60: TOOLS

Sheet REPORT 2
B3: BERITA ACARA PENGAWASAN LAPANGAN
E4: AGING/ DELIVERY TIME IMPLEMENTASI PERKUATAN DAN PENGENCANGAN BAUT
B5: Site Name | D5: : | E5: ='REPORT 1'!E5 -> 0
B6: PID | D6: : | E6: ='REPORT 1'!E6 -> 0 | G6: Tanggal | H6: ='REPORT 1'!I6 -> : 4 Oktober 2024
B7: Type/ Tinggi Tower | D7: : | E7: ='REPORT 1'!E7 -> 0
B8: Proyek | D8: : | E8: Perkuatan Tower
B9: Mitra Pengawas | D9: : | E9: ='REPORT 1'!E9 -> 0
B11: No | C11: JENIS KEGIATAN | F11: Durasi (Hr) | G11: KRITERIA PEMERIKSAAN | H11: HASIL PEMERIKSAAN (OK/No OK) | I11: KETERANGAN
B12: 1 | C12: Pabrikasi Material | F12: 15 | G12: Ssi gambar / Sesuai Target | H12: OK
B13: 2 | C13: Galvanized | F13: 3 | G13: Ssi gambar / Sesuai Target | H13: OK
B14: 3 | C14: Sortir Material | F14: 1 | G14: Ssi gambar / Sesuai Target | H14: OK
B15: 4 | C15: Delivery Material | F15: 6 | G15: Ssi gambar / Sesuai Target | H15: OK
B16: 5 | C16: Instalasi Pekerjaan Perkuatan | F16: 30 | G16: Ssi gambar / Sesuai Target | H16: OK
B17: 6 | C17: Pengencangan Baut | F17: 1 | G17: Ssi gambar / Sesuai Target | H17: OK
B18: 7 | C18: ATP | F18: 1 | G18: Ssi gambar / Sesuai Target | H18: OK
B19: 8 | C19: Closing Pending Item | F19: 1 | G19: Ssi gambar / Sesuai Target | H19: OK
C26: PT. Dayamitra Telekomunikasi Tbk | G26: ='REPORT 1'!G26 -> PT. TRITECH CONSULT
C28: Nama
C30: Tanggal
C32: Tanda Tangan

Sheet PREPERATION & MOS
D2: MOS
A4: SITE ID | C4: : | D4: =MASTER!F5 -> 0
A5: SITE NAME | C5: : | D5: =MASTER!F6 -> 0
A6: TENANT | C6: : | D6: =MASTER!F11
A9: MK ON SITE | G9: MOS
A26: MOS | G26: MOS

Sheet REPORT 3
B3: BERITA ACARA PENGAWASAN LAPANGAN
E4: KUALITAS PEKERJAAN PERKUATAN DAN PENGENCANGAN BAUT
B5: Site Name | D5: : | E5: ='REPORT 2'!E5 -> 0
B6: PID | D6: : | E6: ='REPORT 2'!E6 -> 0 | H6: Tanggal | I6: ='REPORT 2'!H6 -> : 4 Oktober 2024
B7: Type/ Tinggi Tower | D7: : | E7: ='REPORT 2'!E7 -> 0
B8: Proyek | D8: : | E8: Perkuatan Tower
B9: Mitra Pengawas | D9: : | E9: ='REPORT 2'!E9 -> 0
B11: No | C11: JENIS KEGIATAN | F11: Sampling Objek Perkuatan | G11: KRITERIA PEMERIKSAAN | H11: HASIL PEMERIKSAAN (OK/No OK) | I11: KETERANGAN
B12: 1 | C12: Perkuatan Leg | G12: Ssi gambar / kuat / rapih
B13: 2 | C13: Perkuatan Bracing | G13: Ssi gambar / kuat / rapih | H13: OK
B14: 3 | C14: Perkuatan Redundant | G14: Ssi gambar / kuat / rapih | H14: -
B15: 4 | C15: Perkuatan Plan Bracing | G15: Ssi gambar / kuat / rapih
B16: 5 | C16: Perkuatan Horisontal | F16: - | G16: Ssi gambar / kuat / rapih | H16: -
B17: 6 | C17: Perkuatan Hip Stay | F17: - | G17: Ssi gambar / kuat / rapih | H17: -
B18: 7 | C18: Pengencangan Baut | G18: Ssi gambar / kuat / rapih | H18: OK
C26: PT. Dayamitra Telekomunikasi Tbk | G26: ='REPORT 2'!G26 -> PT. TRITECH CONSULT
C28: Nama
C30: Tanggal
C32: Tanda Tangan

Sheet PELAKSANAAN ATP
D2: DOKUMENTASI ATP
A4: SITE ID | C4: : | D4: =MASTER!F5 -> 0
A5: SITE NAME | C5: : | D5: =MASTER!F6 -> 0
A6: TENANT | C6: : | D6: =MASTER!F11
A10: TOWER VIEW | G10: TOWER VIEW
A11: `
A27: PERKUATAN | G27: PERKUATAN
A28: `
A46: PERKUATAN | G46: PERKUATAN
A63: PERKUATAN | G63: PERKUATAN
A80: PERKUATAN | G80: PERKUATAN
A97: PERKUATAN | G97: PERKUATAN

Sheet REPORT 4
B3: BA ISU & KENDALA PEKERJAAN PERKUATAN
B5: Site Name | E5: : | F5: ='REPORT 3'!E5 -> 0
B6: PID | E6: : | F6: ='REPORT 3'!E6 -> 0 | H6: Tanggal | I6: ='REPORT 3'!I6 -> : 4 Oktober 2024
B7: Type/ TinggiTower | E7: : | F7: ='REPORT 3'!E7 -> 0
B8: Proyek | E8: : | F8: Perkuatan
B9: Mitra Pengawas | E9: : | F9: PT TRITECH
B11: No | C11: Uraian Pekerjaan | H11: Catatan Pemeriksaan
B40: Kesimpulan : | D40: - | E40: Pekerjaan Perkuatan segera diselesaikan dan disempurnakan *)
D41: - | E41: Pekerjaan Perkuatan memenuhi syarat untuk diterima *)
B44: *) coret yang tidak perlu
C48: PT. Dayamitra Telekomunikasi Tbk | H48: ='REPORT 3'!G26 -> PT. TRITECH CONSULT
C50: Nama | F50: __________________________ | H50: _________________________
C52: Tanggal | F52: __________________________ | H52: _________________________
C54: Tanda Tangan | F54: __________________________ | H54: _________________________
